PlantID,Date,Output
101,2023-01-01,338
101,2023-01-02,492
101,2023-01-03,254
101,2023-01-04,210
101,2023-01-05,236
101,2023-01-06,460
101,2023-01-07,312
101,2023-01-08,197
101,2023-01-09,201
101,2023-01-10,65
101,2023-01-11,188
101,2023-01-12,393
101,2023-01-13,196
101,2023-01-14,451
101,2023-01-15,356
101,2023-01-16,370
101,2023-01-17,107
101,2023-01-18,94
101,2023-01-19,212
101,2023-01-20,433
101,2023-01-21,385
101,2023-01-22,364
101,2023-01-23,496
101,2023-01-24,119
101,2023-01-25,439
101,2023-01-26,392
101,2023-01-27,73
101,2023-01-28,267
101,2023-01-29,485
101,2023-01-30,394
101,2023-01-31,386
101,2023-02-01,336
101,2023-02-02,490
101,2023-02-03,290
101,2023-02-04,443
101,2023-02-05,455
101,2023-02-06,470
101,2023-02-07,216
101,2023-02-08,391
101,2023-02-09,344
101,2023-02-10,296
101,2023-02-11,487
101,2023-02-12,321
101,2023-02-13,69
101,2023-02-14,350
101,2023-02-15,295
101,2023-02-16,402
101,2023-02-17,142
101,2023-02-18,392
101,2023-02-19,431
101,2023-02-20,162
101,2023-02-21,438
101,2023-02-22,373
101,2023-02-23,286
101,2023-02-24,81
101,2023-02-25,50
101,2023-02-26,408
101,2023-02-27,130
101,2023-02-28,131
101,2023-03-01,331
101,2023-03-02,177
101,2023-03-03,64
101,2023-03-04,95
101,2023-03-05,230
101,2023-03-06,463
101,2023-03-07,135
101,2023-03-08,227
101,2023-03-09,123
101,2023-03-10,301
101,2023-03-11,61
101,2023-03-12,354
101,2023-03-13,278
101,2023-03-14,278
101,2023-03-15,440
101,2023-03-16,168
101,2023-03-17,397
101,2023-03-18,428
101,2023-03-19,461
101,2023-03-20,300
101,2023-03-21,150
101,2023-03-22,89
101,2023-03-23,358
101,2023-03-24,82
101,2023-03-25,485
101,2023-03-26,141
101,2023-03-27,173
101,2023-03-28,167
101,2023-03-29,272
101,2023-03-30,67
101,2023-03-31,80
101,2023-04-01,322
101,2023-04-02,236
101,2023-04-03,150
101,2023-04-04,66
101,2023-04-05,171
101,2023-04-06,393
101,2023-04-07,175
101,2023-04-08,169
101,2023-04-09,84
101,2023-04-10,391
101,2023-04-11,384
101,2023-04-12,238
101,2023-04-13,438
101,2023-04-14,180
101,2023-04-15,224
101,2023-04-16,210
101,2023-04-17,291
101,2023-04-18,105
101,2023-04-19,481
101,2023-04-20,249
101,2023-04-21,303
101,2023-04-22,187
101,2023-04-23,50
101,2023-04-24,345
101,2023-04-25,233
101,2023-04-26,128
101,2023-04-27,428
101,2023-04-28,52
101,2023-04-29,298
101,2023-04-30,484
101,2023-05-01,218
101,2023-05-02,332
101,2023-05-03,425
101,2023-05-04,452
101,2023-05-05,305
101,2023-05-06,494
101,2023-05-07,50
101,2023-05-08,396
101,2023-05-09,424
101,2023-05-10,417
101,2023-05-11,336
101,2023-05-12,130
101,2023-05-13,314
101,2023-05-14,211
101,2023-05-15,99
101,2023-05-16,459
101,2023-05-17,146
101,2023-05-18,348
101,2023-05-19,353
101,2023-05-20,270
101,2023-05-21,274
101,2023-05-22,63
101,2023-05-23,293
101,2023-05-24,113
101,2023-05-25,347
101,2023-05-26,318
101,2023-05-27,252
101,2023-05-28,330
101,2023-05-29,110
101,2023-05-30,115
101,2023-05-31,183
101,2023-06-01,202
101,2023-06-02,106
101,2023-06-03,144
101,2023-06-04,390
101,2023-06-05,483
101,2023-06-06,145
101,2023-06-07,118
101,2023-06-08,131
101,2023-06-09,294
101,2023-06-10,378
101,2023-06-11,344
101,2023-06-12,320
101,2023-06-13,131
101,2023-06-14,473
101,2023-06-15,225
101,2023-06-16,237
101,2023-06-17,251
101,2023-06-18,170
101,2023-06-19,252
101,2023-06-20,266
101,2023-06-21,457
101,2023-06-22,64
101,2023-06-23,135
101,2023-06-24,431
101,2023-06-25,240
101,2023-06-26,122
101,2023-06-27,391
101,2023-06-28,249
101,2023-06-29,430
101,2023-06-30,230
101,2023-07-01,190
101,2023-07-02,178
101,2023-07-03,51
101,2023-07-04,464
101,2023-07-05,288
101,2023-07-06,320
101,2023-07-07,126
101,2023-07-08,403
101,2023-07-09,388
101,2023-07-10,155
101,2023-07-11,495
101,2023-07-12,372
101,2023-07-13,399
101,2023-07-14,88
101,2023-07-15,313
101,2023-07-16,84
101,2023-07-17,116
101,2023-07-18,313
101,2023-07-19,370
101,2023-07-20,106
101,2023-07-21,418
101,2023-07-22,385
101,2023-07-23,389
101,2023-07-24,271
101,2023-07-25,68
101,2023-07-26,466
101,2023-07-27,224
101,2023-07-28,222
101,2023-07-29,262
101,2023-07-30,158
101,2023-07-31,397
101,2023-08-01,406
101,2023-08-02,223
101,2023-08-03,391
101,2023-08-04,282
101,2023-08-05,224
101,2023-08-06,162
101,2023-08-07,203
101,2023-08-08,129
101,2023-08-09,257
101,2023-08-10,147
101,2023-08-11,109
101,2023-08-12,229
101,2023-08-13,428
101,2023-08-14,170
101,2023-08-15,348
101,2023-08-16,390
101,2023-08-17,180
101,2023-08-18,88
101,2023-08-19,398
101,2023-08-20,165
101,2023-08-21,492
101,2023-08-22,198
101,2023-08-23,193
101,2023-08-24,287
101,2023-08-25,393
101,2023-08-26,160
101,2023-08-27,51
101,2023-08-28,458
101,2023-08-29,447
101,2023-08-30,266
101,2023-08-31,464
101,2023-09-01,96
101,2023-09-02,475
101,2023-09-03,304
101,2023-09-04,347
101,2023-09-05,331
101,2023-09-06,93
101,2023-09-07,476
101,2023-09-08,408
101,2023-09-09,113
101,2023-09-10,196
101,2023-09-11,362
101,2023-09-12,406
101,2023-09-13,91
101,2023-09-14,484
101,2023-09-15,125
101,2023-09-16,394
101,2023-09-17,74
101,2023-09-18,256
101,2023-09-19,293
101,2023-09-20,473
101,2023-09-21,312
101,2023-09-22,211
101,2023-09-23,301
101,2023-09-24,384
101,2023-09-25,131
101,2023-09-26,338
101,2023-09-27,437
101,2023-09-28,266
101,2023-09-29,468
101,2023-09-30,171
101,2023-10-01,184
101,2023-10-02,289
101,2023-10-03,114
101,2023-10-04,223
101,2023-10-05,167
101,2023-10-06,370
101,2023-10-07,357
101,2023-10-08,80
101,2023-10-09,181
101,2023-10-10,94
101,2023-10-11,302
101,2023-10-12,332
101,2023-10-13,313
101,2023-10-14,66
101,2023-10-15,76
101,2023-10-16,432
101,2023-10-17,381
101,2023-10-18,396
101,2023-10-19,161
101,2023-10-20,485
101,2023-10-21,460
101,2023-10-22,164
101,2023-10-23,379
101,2023-10-24,395
101,2023-10-25,135
101,2023-10-26,122
101,2023-10-27,272
101,2023-10-28,164
101,2023-10-29,379
101,2023-10-30,316
101,2023-10-31,348
101,2023-11-01,302
101,2023-11-02,103
101,2023-11-03,430
101,2023-11-04,293
101,2023-11-05,128
101,2023-11-06,328
101,2023-11-07,70
101,2023-11-08,452
101,2023-11-09,396
101,2023-11-10,464
101,2023-11-11,392
101,2023-11-12,158
101,2023-11-13,242
101,2023-11-14,282
101,2023-11-15,294
101,2023-11-16,59
101,2023-11-17,448
101,2023-11-18,138
101,2023-11-19,58
101,2023-11-20,256
101,2023-11-21,442
101,2023-11-22,369
101,2023-11-23,421
101,2023-11-24,320
101,2023-11-25,149
101,2023-11-26,498
101,2023-11-27,468
101,2023-11-28,393
101,2023-11-29,206
101,2023-11-30,468
101,2023-12-01,181
101,2023-12-02,229
101,2023-12-03,145
101,2023-12-04,471
101,2023-12-05,235
101,2023-12-06,180
101,2023-12-07,495
101,2023-12-08,149
101,2023-12-09,156
101,2023-12-10,438
101,2023-12-11,275
101,2023-12-12,205
101,2023-12-13,367
101,2023-12-14,212
101,2023-12-15,122
101,2023-12-16,309
101,2023-12-17,449
101,2023-12-18,358
101,2023-12-19,50
101,2023-12-20,195
101,2023-12-21,416
101,2023-12-22,140
101,2023-12-23,182
101,2023-12-24,69
101,2023-12-25,179
101,2023-12-26,207
101,2023-12-27,344
101,2023-12-28,346
101,2023-12-29,75
101,2023-12-30,173
101,2023-12-31,116
102,2023-01-01,289
102,2023-01-02,174
102,2023-01-03,432
102,2023-01-04,194
102,2023-01-05,458
102,2023-01-06,257
102,2023-01-07,126
102,2023-01-08,389
102,2023-01-09,476
102,2023-01-10,446
102,2023-01-11,165
102,2023-01-12,279
102,2023-01-13,82
102,2023-01-14,317
102,2023-01-15,416
102,2023-01-16,425
102,2023-01-17,234
102,2023-01-18,412
102,2023-01-19,178
102,2023-01-20,341
102,2023-01-21,435
102,2023-01-22,176
102,2023-01-23,183
102,2023-01-24,317
102,2023-01-25,213
102,2023-01-26,223
102,2023-01-27,340
102,2023-01-28,421
102,2023-01-29,101
102,2023-01-30,304
102,2023-01-31,128
102,2023-02-01,446
102,2023-02-02,316
102,2023-02-03,234
102,2023-02-04,490
102,2023-02-05,497
102,2023-02-06,319
102,2023-02-07,356
102,2023-02-08,308
102,2023-02-09,66
102,2023-02-10,160
102,2023-02-11,465
102,2023-02-12,316
102,2023-02-13,171
102,2023-02-14,133
102,2023-02-15,303
102,2023-02-16,392
102,2023-02-17,192
102,2023-02-18,221
102,2023-02-19,188
102,2023-02-20,230
102,2023-02-21,234
102,2023-02-22,428
102,2023-02-23,472
102,2023-02-24,428
102,2023-02-25,443
102,2023-02-26,71
102,2023-02-27,395
102,2023-02-28,318
102,2023-03-01,196
102,2023-03-02,210
102,2023-03-03,82
102,2023-03-04,419
102,2023-03-05,388
102,2023-03-06,446
102,2023-03-07,358
102,2023-03-08,88
102,2023-03-09,360
102,2023-03-10,124
102,2023-03-11,90
102,2023-03-12,56
102,2023-03-13,436
102,2023-03-14,213
102,2023-03-15,384
102,2023-03-16,160
102,2023-03-17,454
102,2023-03-18,112
102,2023-03-19,228
102,2023-03-20,113
102,2023-03-21,96
102,2023-03-22,473
102,2023-03-23,149
102,2023-03-24,436
102,2023-03-25,195
102,2023-03-26,430
102,2023-03-27,412
102,2023-03-28,242
102,2023-03-29,447
102,2023-03-30,245
102,2023-03-31,156
102,2023-04-01,263
102,2023-04-02,189
102,2023-04-03,320
102,2023-04-04,482
102,2023-04-05,164
102,2023-04-06,366
102,2023-04-07,176
102,2023-04-08,318
102,2023-04-09,212
102,2023-04-10,338
102,2023-04-11,315
102,2023-04-12,151
102,2023-04-13,492
102,2023-04-14,317
102,2023-04-15,449
102,2023-04-16,350
102,2023-04-17,155
102,2023-04-18,168
102,2023-04-19,110
102,2023-04-20,55
102,2023-04-21,155
102,2023-04-22,261
102,2023-04-23,218
102,2023-04-24,235
102,2023-04-25,264
102,2023-04-26,55
102,2023-04-27,380
102,2023-04-28,315
102,2023-04-29,280
102,2023-04-30,89
102,2023-05-01,393
102,2023-05-02,387
102,2023-05-03,181
102,2023-05-04,450
102,2023-05-05,213
102,2023-05-06,195
102,2023-05-07,428
102,2023-05-08,270
102,2023-05-09,186
102,2023-05-10,72
102,2023-05-11,317
102,2023-05-12,277
102,2023-05-13,296
102,2023-05-14,163
102,2023-05-15,147
102,2023-05-16,457
102,2023-05-17,120
102,2023-05-18,251
102,2023-05-19,379
102,2023-05-20,475
102,2023-05-21,226
102,2023-05-22,200
102,2023-05-23,164
102,2023-05-24,241
102,2023-05-25,425
102,2023-05-26,83
102,2023-05-27,180
102,2023-05-28,384
102,2023-05-29,312
102,2023-05-30,190
102,2023-05-31,156
102,2023-06-01,308
102,2023-06-02,219
102,2023-06-03,441
102,2023-06-04,374
102,2023-06-05,93
102,2023-06-06,289
102,2023-06-07,330
102,2023-06-08,275
102,2023-06-09,159
102,2023-06-10,426
102,2023-06-11,462
102,2023-06-12,60
102,2023-06-13,396
102,2023-06-14,290
102,2023-06-15,88
102,2023-06-16,480
102,2023-06-17,212
102,2023-06-18,432
102,2023-06-19,320
102,2023-06-20,389
102,2023-06-21,257
102,2023-06-22,421
102,2023-06-23,98
102,2023-06-24,293
102,2023-06-25,247
102,2023-06-26,251
102,2023-06-27,320
102,2023-06-28,495
102,2023-06-29,98
102,2023-06-30,297
102,2023-07-01,180
102,2023-07-02,89
102,2023-07-03,118
102,2023-07-04,390
102,2023-07-05,379
102,2023-07-06,330
102,2023-07-07,413
102,2023-07-08,492
102,2023-07-09,310
102,2023-07-10,56
102,2023-07-11,351
102,2023-07-12,238
102,2023-07-13,458
102,2023-07-14,403
102,2023-07-15,175
102,2023-07-16,495
102,2023-07-17,291
102,2023-07-18,358
102,2023-07-19,118
102,2023-07-20,473
102,2023-07-21,492
102,2023-07-22,219
102,2023-07-23,389
102,2023-07-24,343
102,2023-07-25,104
102,2023-07-26,246
102,2023-07-27,176
102,2023-07-28,444
102,2023-07-29,459
102,2023-07-30,264
102,2023-07-31,96
102,2023-08-01,498
102,2023-08-02,452
102,2023-08-03,304
102,2023-08-04,442
102,2023-08-05,331
102,2023-08-06,437
102,2023-08-07,272
102,2023-08-08,428
102,2023-08-09,164
102,2023-08-10,358
102,2023-08-11,274
102,2023-08-12,403
102,2023-08-13,139
102,2023-08-14,455
102,2023-08-15,434
102,2023-08-16,396
102,2023-08-17,432
102,2023-08-18,451
102,2023-08-19,83
102,2023-08-20,403
102,2023-08-21,101
102,2023-08-22,374
102,2023-08-23,240
102,2023-08-24,121
102,2023-08-25,365
102,2023-08-26,211
102,2023-08-27,114
102,2023-08-28,435
102,2023-08-29,422
102,2023-08-30,133
102,2023-08-31,59
102,2023-09-01,362
102,2023-09-02,224
102,2023-09-03,443
102,2023-09-04,238
102,2023-09-05,270
102,2023-09-06,244
102,2023-09-07,165
102,2023-09-08,499
102,2023-09-09,255
102,2023-09-10,194
102,2023-09-11,154
102,2023-09-12,156
102,2023-09-13,207
102,2023-09-14,87
102,2023-09-15,331
102,2023-09-16,56
102,2023-09-17,236
102,2023-09-18,189
102,2023-09-19,391
102,2023-09-20,388
102,2023-09-21,54
102,2023-09-22,441
102,2023-09-23,408
102,2023-09-24,76
102,2023-09-25,425
102,2023-09-26,259
102,2023-09-27,428
102,2023-09-28,116
102,2023-09-29,76
102,2023-09-30,453
102,2023-10-01,129
102,2023-10-02,155
102,2023-10-03,146
102,2023-10-04,486
102,2023-10-05,346
102,2023-10-06,370
102,2023-10-07,139
102,2023-10-08,202
102,2023-10-09,340
102,2023-10-10,239
102,2023-10-11,166
102,2023-10-12,316
102,2023-10-13,236
102,2023-10-14,75
102,2023-10-15,369
102,2023-10-16,435
102,2023-10-17,74
102,2023-10-18,268
102,2023-10-19,56
102,2023-10-20,455
102,2023-10-21,258
102,2023-10-22,338
102,2023-10-23,107
102,2023-10-24,277
102,2023-10-25,370
102,2023-10-26,487
102,2023-10-27,231
102,2023-10-28,73
102,2023-10-29,395
102,2023-10-30,142
102,2023-10-31,438
102,2023-11-01,151
102,2023-11-02,120
102,2023-11-03,190
102,2023-11-04,225
102,2023-11-05,254
102,2023-11-06,54
102,2023-11-07,263
102,2023-11-08,359
102,2023-11-09,207
102,2023-11-10,329
102,2023-11-11,398
102,2023-11-12,404
102,2023-11-13,338
102,2023-11-14,468
102,2023-11-15,310
102,2023-11-16,420
102,2023-11-17,487
102,2023-11-18,245
102,2023-11-19,498
102,2023-11-20,67
102,2023-11-21,287
102,2023-11-22,77
102,2023-11-23,71
102,2023-11-24,472
102,2023-11-25,494
102,2023-11-26,214
102,2023-11-27,347
102,2023-11-28,143
102,2023-11-29,184
102,2023-11-30,151
102,2023-12-01,201
102,2023-12-02,307
102,2023-12-03,373
102,2023-12-04,454
102,2023-12-05,89
102,2023-12-06,178
102,2023-12-07,304
102,2023-12-08,162
102,2023-12-09,185
102,2023-12-10,431
102,2023-12-11,257
102,2023-12-12,474
102,2023-12-13,94
102,2023-12-14,459
102,2023-12-15,351
102,2023-12-16,164
102,2023-12-17,486
102,2023-12-18,213
102,2023-12-19,87
102,2023-12-20,251
102,2023-12-21,423
102,2023-12-22,409
102,2023-12-23,224
102,2023-12-24,467
102,2023-12-25,496
102,2023-12-26,461
102,2023-12-27,218
102,2023-12-28,324
102,2023-12-29,162
102,2023-12-30,154
102,2023-12-31,264
103,2023-01-01,174
103,2023-01-02,492
103,2023-01-03,126
103,2023-01-04,486
103,2023-01-05,93
103,2023-01-06,421
103,2023-01-07,107
103,2023-01-08,132
103,2023-01-09,455
103,2023-01-10,477
103,2023-01-11,446
103,2023-01-12,179
103,2023-01-13,113
103,2023-01-14,204
103,2023-01-15,373
103,2023-01-16,420
103,2023-01-17,455
103,2023-01-18,103
103,2023-01-19,232
103,2023-01-20,361
103,2023-01-21,410
103,2023-01-22,348
103,2023-01-23,185
103,2023-01-24,116
103,2023-01-25,361
103,2023-01-26,164
103,2023-01-27,324
103,2023-01-28,367
103,2023-01-29,247
103,2023-01-30,151
103,2023-01-31,203
103,2023-02-01,190
103,2023-02-02,324
103,2023-02-03,93
103,2023-02-04,295
103,2023-02-05,104
103,2023-02-06,146
103,2023-02-07,393
103,2023-02-08,193
103,2023-02-09,170
103,2023-02-10,331
103,2023-02-11,445
103,2023-02-12,315
103,2023-02-13,189
103,2023-02-14,315
103,2023-02-15,274
103,2023-02-16,174
103,2023-02-17,320
103,2023-02-18,469
103,2023-02-19,189
103,2023-02-20,162
103,2023-02-21,225
103,2023-02-22,323
103,2023-02-23,424
103,2023-02-24,267
103,2023-02-25,357
103,2023-02-26,305
103,2023-02-27,137
103,2023-02-28,383
103,2023-03-01,359
103,2023-03-02,415
103,2023-03-03,179
103,2023-03-04,437
103,2023-03-05,149
103,2023-03-06,255
103,2023-03-07,81
103,2023-03-08,133
103,2023-03-09,150
103,2023-03-10,481
103,2023-03-11,131
103,2023-03-12,458
103,2023-03-13,407
103,2023-03-14,316
103,2023-03-15,319
103,2023-03-16,369
103,2023-03-17,430
103,2023-03-18,124
103,2023-03-19,439
103,2023-03-20,98
103,2023-03-21,429
103,2023-03-22,437
103,2023-03-23,118
103,2023-03-24,329
103,2023-03-25,356
103,2023-03-26,272
103,2023-03-27,133
103,2023-03-28,74
103,2023-03-29,306
103,2023-03-30,318
103,2023-03-31,431
103,2023-04-01,404
103,2023-04-02,127
103,2023-04-03,348
103,2023-04-04,373
103,2023-04-05,120
103,2023-04-06,375
103,2023-04-07,215
103,2023-04-08,251
103,2023-04-09,226
103,2023-04-10,137
103,2023-04-11,371
103,2023-04-12,301
103,2023-04-13,317
103,2023-04-14,129
103,2023-04-15,425
103,2023-04-16,417
103,2023-04-17,200
103,2023-04-18,313
103,2023-04-19,218
103,2023-04-20,217
103,2023-04-21,121
103,2023-04-22,485
103,2023-04-23,411
103,2023-04-24,386
103,2023-04-25,190
103,2023-04-26,239
103,2023-04-27,263
103,2023-04-28,58
103,2023-04-29,176
103,2023-04-30,271
103,2023-05-01,378
103,2023-05-02,132
103,2023-05-03,183
103,2023-05-04,253
103,2023-05-05,481
103,2023-05-06,409
103,2023-05-07,96
103,2023-05-08,233
103,2023-05-09,189
103,2023-05-10,301
103,2023-05-11,213
103,2023-05-12,314
103,2023-05-13,444
103,2023-05-14,351
103,2023-05-15,134
103,2023-05-16,189
103,2023-05-17,182
103,2023-05-18,500
103,2023-05-19,456
103,2023-05-20,216
103,2023-05-21,99
103,2023-05-22,267
103,2023-05-23,386
103,2023-05-24,257
103,2023-05-25,462
103,2023-05-26,210
103,2023-05-27,208
103,2023-05-28,77
103,2023-05-29,137
103,2023-05-30,52
103,2023-05-31,352
103,2023-06-01,279
103,2023-06-02,214
103,2023-06-03,77
103,2023-06-04,104
103,2023-06-05,146
103,2023-06-06,316
103,2023-06-07,457
103,2023-06-08,66
103,2023-06-09,298
103,2023-06-10,209
103,2023-06-11,108
103,2023-06-12,302
103,2023-06-13,299
103,2023-06-14,343
103,2023-06-15,475
103,2023-06-16,239
103,2023-06-17,475
103,2023-06-18,265
103,2023-06-19,122
103,2023-06-20,480
103,2023-06-21,85
103,2023-06-22,241
103,2023-06-23,162
103,2023-06-24,372
103,2023-06-25,482
103,2023-06-26,119
103,2023-06-27,218
103,2023-06-28,266
103,2023-06-29,259
103,2023-06-30,359
103,2023-07-01,413
103,2023-07-02,187
103,2023-07-03,365
103,2023-07-04,409
103,2023-07-05,272
103,2023-07-06,101
103,2023-07-07,170
103,2023-07-08,321
103,2023-07-09,382
103,2023-07-10,157
103,2023-07-11,68
103,2023-07-12,316
103,2023-07-13,372
103,2023-07-14,296
103,2023-07-15,291
103,2023-07-16,430
103,2023-07-17,466
103,2023-07-18,466
103,2023-07-19,150
103,2023-07-20,407
103,2023-07-21,250
103,2023-07-22,464
103,2023-07-23,58
103,2023-07-24,241
103,2023-07-25,321
103,2023-07-26,415
103,2023-07-27,223
103,2023-07-28,182
103,2023-07-29,113
103,2023-07-30,206
103,2023-07-31,296
103,2023-08-01,297
103,2023-08-02,106
103,2023-08-03,443
103,2023-08-04,334
103,2023-08-05,453
103,2023-08-06,148
103,2023-08-07,259
103,2023-08-08,432
103,2023-08-09,499
103,2023-08-10,305
103,2023-08-11,186
103,2023-08-12,277
103,2023-08-13,118
103,2023-08-14,240
103,2023-08-15,235
103,2023-08-16,351
103,2023-08-17,187
103,2023-08-18,392
103,2023-08-19,332
103,2023-08-20,298
103,2023-08-21,433
103,2023-08-22,121
103,2023-08-23,319
103,2023-08-24,387
103,2023-08-25,175
103,2023-08-26,227
103,2023-08-27,452
103,2023-08-28,260
103,2023-08-29,351
103,2023-08-30,228
103,2023-08-31,235
103,2023-09-01,148
103,2023-09-02,290
103,2023-09-03,391
103,2023-09-04,399
103,2023-09-05,145
103,2023-09-06,249
103,2023-09-07,364
103,2023-09-08,406
103,2023-09-09,173
103,2023-09-10,148
103,2023-09-11,455
103,2023-09-12,106
103,2023-09-13,443
103,2023-09-14,333
103,2023-09-15,228
103,2023-09-16,358
103,2023-09-17,217
103,2023-09-18,388
103,2023-09-19,61
103,2023-09-20,80
103,2023-09-21,112
103,2023-09-22,138
103,2023-09-23,467
103,2023-09-24,402
103,2023-09-25,325
103,2023-09-26,159
103,2023-09-27,455
103,2023-09-28,358
103,2023-09-29,259
103,2023-09-30,104
103,2023-10-01,230
103,2023-10-02,385
103,2023-10-03,373
103,2023-10-04,62
103,2023-10-05,215
103,2023-10-06,224
103,2023-10-07,152
103,2023-10-08,470
103,2023-10-09,308
103,2023-10-10,341
103,2023-10-11,479
103,2023-10-12,421
103,2023-10-13,361
103,2023-10-14,326
103,2023-10-15,419
103,2023-10-16,389
103,2023-10-17,109
103,2023-10-18,264
103,2023-10-19,223
103,2023-10-20,389
103,2023-10-21,119
103,2023-10-22,449
103,2023-10-23,218
103,2023-10-24,432
103,2023-10-25,447
103,2023-10-26,239
103,2023-10-27,171
103,2023-10-28,85
103,2023-10-29,98
103,2023-10-30,69
103,2023-10-31,387
103,2023-11-01,242
103,2023-11-02,436
103,2023-11-03,82
103,2023-11-04,181
103,2023-11-05,172
103,2023-11-06,322
103,2023-11-07,227
103,2023-11-08,236
103,2023-11-09,379
103,2023-11-10,165
103,2023-11-11,146
103,2023-11-12,296
103,2023-11-13,241
103,2023-11-14,336
103,2023-11-15,303
103,2023-11-16,453
103,2023-11-17,470
103,2023-11-18,326
103,2023-11-19,146
103,2023-11-20,305
103,2023-11-21,380
103,2023-11-22,345
103,2023-11-23,54
103,2023-11-24,478
103,2023-11-25,204
103,2023-11-26,249
103,2023-11-27,344
103,2023-11-28,452
103,2023-11-29,378
103,2023-11-30,218
103,2023-12-01,441
103,2023-12-02,420
103,2023-12-03,166
103,2023-12-04,339
103,2023-12-05,372
103,2023-12-06,390
103,2023-12-07,403
103,2023-12-08,198
103,2023-12-09,440
103,2023-12-10,458
103,2023-12-11,140
103,2023-12-12,349
103,2023-12-13,238
103,2023-12-14,204
103,2023-12-15,199
103,2023-12-16,333
103,2023-12-17,159
103,2023-12-18,418
103,2023-12-19,165
103,2023-12-20,170
103,2023-12-21,269
103,2023-12-22,273
103,2023-12-23,318
103,2023-12-24,116
103,2023-12-25,336
103,2023-12-26,483
103,2023-12-27,438
103,2023-12-28,499
103,2023-12-29,492
103,2023-12-30,359
103,2023-12-31,384
104,2023-01-01,329
104,2023-01-02,211
104,2023-01-03,82
104,2023-01-04,321
104,2023-01-05,281
104,2023-01-06,212
104,2023-01-07,453
104,2023-01-08,162
104,2023-01-09,63
104,2023-01-10,322
104,2023-01-11,163
104,2023-01-12,127
104,2023-01-13,426
104,2023-01-14,64
104,2023-01-15,205
104,2023-01-16,95
104,2023-01-17,296
104,2023-01-18,64
104,2023-01-19,364
104,2023-01-20,471
104,2023-01-21,335
104,2023-01-22,345
104,2023-01-23,239
104,2023-01-24,392
104,2023-01-25,344
104,2023-01-26,267
104,2023-01-27,427
104,2023-01-28,375
104,2023-01-29,178
104,2023-01-30,396
104,2023-01-31,275
104,2023-02-01,418
104,2023-02-02,121
104,2023-02-03,385
104,2023-02-04,201
104,2023-02-05,205
104,2023-02-06,87
104,2023-02-07,94
104,2023-02-08,383
104,2023-02-09,174
104,2023-02-10,459
104,2023-02-11,203
104,2023-02-12,416
104,2023-02-13,402
104,2023-02-14,210
104,2023-02-15,475
104,2023-02-16,108
104,2023-02-17,172
104,2023-02-18,305
104,2023-02-19,174
104,2023-02-20,113
104,2023-02-21,170
104,2023-02-22,54
104,2023-02-23,243
104,2023-02-24,69
104,2023-02-25,273
104,2023-02-26,82
104,2023-02-27,280
104,2023-02-28,418
104,2023-03-01,343
104,2023-03-02,52
104,2023-03-03,359
104,2023-03-04,443
104,2023-03-05,259
104,2023-03-06,478
104,2023-03-07,431
104,2023-03-08,237
104,2023-03-09,480
104,2023-03-10,317
104,2023-03-11,278
104,2023-03-12,240
104,2023-03-13,134
104,2023-03-14,354
104,2023-03-15,307
104,2023-03-16,349
104,2023-03-17,50
104,2023-03-18,496
104,2023-03-19,251
104,2023-03-20,167
104,2023-03-21,329
104,2023-03-22,258
104,2023-03-23,424
104,2023-03-24,499
104,2023-03-25,461
104,2023-03-26,233
104,2023-03-27,55
104,2023-03-28,264
104,2023-03-29,172
104,2023-03-30,475
104,2023-03-31,135
104,2023-04-01,486
104,2023-04-02,268
104,2023-04-03,85
104,2023-04-04,102
104,2023-04-05,188
104,2023-04-06,273
104,2023-04-07,439
104,2023-04-08,265
104,2023-04-09,421
104,2023-04-10,221
104,2023-04-11,110
104,2023-04-12,444
104,2023-04-13,400
104,2023-04-14,448
104,2023-04-15,265
104,2023-04-16,409
104,2023-04-17,309
104,2023-04-18,203
104,2023-04-19,262
104,2023-04-20,387
104,2023-04-21,419
104,2023-04-22,106
104,2023-04-23,480
104,2023-04-24,380
104,2023-04-25,194
104,2023-04-26,121
104,2023-04-27,446
104,2023-04-28,227
104,2023-04-29,471
104,2023-04-30,323
104,2023-05-01,85
104,2023-05-02,313
104,2023-05-03,237
104,2023-05-04,407
104,2023-05-05,374
104,2023-05-06,262
104,2023-05-07,473
104,2023-05-08,137
104,2023-05-09,128
104,2023-05-10,443
104,2023-05-11,370
104,2023-05-12,475
104,2023-05-13,199
104,2023-05-14,136
104,2023-05-15,289
104,2023-05-16,285
104,2023-05-17,253
104,2023-05-18,172
104,2023-05-19,254
104,2023-05-20,60
104,2023-05-21,198
104,2023-05-22,63
104,2023-05-23,267
104,2023-05-24,292
104,2023-05-25,117
104,2023-05-26,329
104,2023-05-27,52
104,2023-05-28,61
104,2023-05-29,496
104,2023-05-30,302
104,2023-05-31,360
104,2023-06-01,427
104,2023-06-02,206
104,2023-06-03,395
104,2023-06-04,317
104,2023-06-05,83
104,2023-06-06,392
104,2023-06-07,161
104,2023-06-08,191
104,2023-06-09,78
104,2023-06-10,148
104,2023-06-11,442
104,2023-06-12,438
104,2023-06-13,413
104,2023-06-14,355
104,2023-06-15,455
104,2023-06-16,94
104,2023-06-17,264
104,2023-06-18,310
104,2023-06-19,207
104,2023-06-20,456
104,2023-06-21,449
104,2023-06-22,382
104,2023-06-23,319
104,2023-06-24,106
104,2023-06-25,82
104,2023-06-26,345
104,2023-06-27,221
104,2023-06-28,356
104,2023-06-29,203
104,2023-06-30,149
104,2023-07-01,365
104,2023-07-02,411
104,2023-07-03,258
104,2023-07-04,372
104,2023-07-05,439
104,2023-07-06,79
104,2023-07-07,310
104,2023-07-08,357
104,2023-07-09,244
104,2023-07-10,203
104,2023-07-11,416
104,2023-07-12,291
104,2023-07-13,233
104,2023-07-14,266
104,2023-07-15,368
104,2023-07-16,414
104,2023-07-17,499
104,2023-07-18,256
104,2023-07-19,455
104,2023-07-20,339
104,2023-07-21,492
104,2023-07-22,424
104,2023-07-23,416
104,2023-07-24,307
104,2023-07-25,280
104,2023-07-26,450
104,2023-07-27,115
104,2023-07-28,206
104,2023-07-29,289
104,2023-07-30,488
104,2023-07-31,343
104,2023-08-01,395
104,2023-08-02,81
104,2023-08-03,55
104,2023-08-04,308
104,2023-08-05,280
104,2023-08-06,110
104,2023-08-07,59
104,2023-08-08,383
104,2023-08-09,153
104,2023-08-10,292
104,2023-08-11,324
104,2023-08-12,247
104,2023-08-13,472
104,2023-08-14,274
104,2023-08-15,420
104,2023-08-16,292
104,2023-08-17,496
104,2023-08-18,326
104,2023-08-19,303
104,2023-08-20,330
104,2023-08-21,186
104,2023-08-22,147
104,2023-08-23,243
104,2023-08-24,498
104,2023-08-25,392
104,2023-08-26,81
104,2023-08-27,93
104,2023-08-28,268
104,2023-08-29,58
104,2023-08-30,286
104,2023-08-31,256
104,2023-09-01,493
104,2023-09-02,336
104,2023-09-03,333
104,2023-09-04,312
104,2023-09-05,299
104,2023-09-06,424
104,2023-09-07,322
104,2023-09-08,212
104,2023-09-09,79
104,2023-09-10,309
104,2023-09-11,360
104,2023-09-12,402
104,2023-09-13,290
104,2023-09-14,103
104,2023-09-15,303
104,2023-09-16,381
104,2023-09-17,242
104,2023-09-18,130
104,2023-09-19,115
104,2023-09-20,160
104,2023-09-21,362
104,2023-09-22,263
104,2023-09-23,296
104,2023-09-24,357
104,2023-09-25,107
104,2023-09-26,196
104,2023-09-27,485
104,2023-09-28,423
104,2023-09-29,102
104,2023-09-30,102
104,2023-10-01,310
104,2023-10-02,475
104,2023-10-03,71
104,2023-10-04,481
104,2023-10-05,392
104,2023-10-06,246
104,2023-10-07,117
104,2023-10-08,63
104,2023-10-09,195
104,2023-10-10,155
104,2023-10-11,239
104,2023-10-12,211
104,2023-10-13,95
104,2023-10-14,224
104,2023-10-15,204
104,2023-10-16,268
104,2023-10-17,469
104,2023-10-18,417
104,2023-10-19,221
104,2023-10-20,104
104,2023-10-21,82
104,2023-10-22,332
104,2023-10-23,57
104,2023-10-24,469
104,2023-10-25,219
104,2023-10-26,490
104,2023-10-27,204
104,2023-10-28,262
104,2023-10-29,460
104,2023-10-30,179
104,2023-10-31,60
104,2023-11-01,215
104,2023-11-02,183
104,2023-11-03,172
104,2023-11-04,337
104,2023-11-05,329
104,2023-11-06,396
104,2023-11-07,355
104,2023-11-08,266
104,2023-11-09,120
104,2023-11-10,412
104,2023-11-11,406
104,2023-11-12,335
104,2023-11-13,104
104,2023-11-14,239
104,2023-11-15,428
104,2023-11-16,183
104,2023-11-17,55
104,2023-11-18,129
104,2023-11-19,74
104,2023-11-20,212
104,2023-11-21,225
104,2023-11-22,235
104,2023-11-23,80
104,2023-11-24,443
104,2023-11-25,420
104,2023-11-26,109
104,2023-11-27,289
104,2023-11-28,229
104,2023-11-29,252
104,2023-11-30,210
104,2023-12-01,116
104,2023-12-02,291
104,2023-12-03,184
104,2023-12-04,149
104,2023-12-05,285
104,2023-12-06,468
104,2023-12-07,318
104,2023-12-08,58
104,2023-12-09,188
104,2023-12-10,335
104,2023-12-11,337
104,2023-12-12,472
104,2023-12-13,301
104,2023-12-14,244
104,2023-12-15,126
104,2023-12-16,418
104,2023-12-17,205
104,2023-12-18,204
104,2023-12-19,314
104,2023-12-20,408
104,2023-12-21,498
104,2023-12-22,317
104,2023-12-23,173
104,2023-12-24,456
104,2023-12-25,256
104,2023-12-26,91
104,2023-12-27,107
104,2023-12-28,70
104,2023-12-29,449
104,2023-12-30,113
104,2023-12-31,149
105,2023-01-01,71
105,2023-01-02,395
105,2023-01-03,98
105,2023-01-04,372
105,2023-01-05,246
105,2023-01-06,159
105,2023-01-07,316
105,2023-01-08,376
105,2023-01-09,87
105,2023-01-10,276
105,2023-01-11,131
105,2023-01-12,486
105,2023-01-13,463
105,2023-01-14,316
105,2023-01-15,96
105,2023-01-16,320
105,2023-01-17,181
105,2023-01-18,148
105,2023-01-19,182
105,2023-01-20,499
105,2023-01-21,204
105,2023-01-22,448
105,2023-01-23,246
105,2023-01-24,362
105,2023-01-25,263
105,2023-01-26,389
105,2023-01-27,494
105,2023-01-28,219
105,2023-01-29,500
105,2023-01-30,201
105,2023-01-31,295
105,2023-02-01,144
105,2023-02-02,400
105,2023-02-03,195
105,2023-02-04,78
105,2023-02-05,59
105,2023-02-06,405
105,2023-02-07,247
105,2023-02-08,202
105,2023-02-09,463
105,2023-02-10,370
105,2023-02-11,476
105,2023-02-12,85
105,2023-02-13,293
105,2023-02-14,336
105,2023-02-15,220
105,2023-02-16,350
105,2023-02-17,50
105,2023-02-18,326
105,2023-02-19,286
105,2023-02-20,374
105,2023-02-21,366
105,2023-02-22,217
105,2023-02-23,62
105,2023-02-24,258
105,2023-02-25,348
105,2023-02-26,347
105,2023-02-27,459
105,2023-02-28,180
105,2023-03-01,107
105,2023-03-02,422
105,2023-03-03,490
105,2023-03-04,483
105,2023-03-05,90
105,2023-03-06,212
105,2023-03-07,148
105,2023-03-08,447
105,2023-03-09,354
105,2023-03-10,64
105,2023-03-11,147
105,2023-03-12,453
105,2023-03-13,59
105,2023-03-14,340
105,2023-03-15,378
105,2023-03-16,386
105,2023-03-17,136
105,2023-03-18,489
105,2023-03-19,335
105,2023-03-20,491
105,2023-03-21,308
105,2023-03-22,417
105,2023-03-23,161
105,2023-03-24,435
105,2023-03-25,107
105,2023-03-26,257
105,2023-03-27,263
105,2023-03-28,393
105,2023-03-29,263
105,2023-03-30,433
105,2023-03-31,117
105,2023-04-01,426
105,2023-04-02,82
105,2023-04-03,395
105,2023-04-04,95
105,2023-04-05,428
105,2023-04-06,421
105,2023-04-07,189
105,2023-04-08,452
105,2023-04-09,201
105,2023-04-10,423
105,2023-04-11,328
105,2023-04-12,245
105,2023-04-13,64
105,2023-04-14,365
105,2023-04-15,374
105,2023-04-16,180
105,2023-04-17,257
105,2023-04-18,138
105,2023-04-19,340
105,2023-04-20,420
105,2023-04-21,181
105,2023-04-22,250
105,2023-04-23,203
105,2023-04-24,151
105,2023-04-25,228
105,2023-04-26,128
105,2023-04-27,411
105,2023-04-28,273
105,2023-04-29,71
105,2023-04-30,267
105,2023-05-01,137
105,2023-05-02,485
105,2023-05-03,463
105,2023-05-04,173
105,2023-05-05,448
105,2023-05-06,345
105,2023-05-07,77
105,2023-05-08,362
105,2023-05-09,455
105,2023-05-10,369
105,2023-05-11,163
105,2023-05-12,481
105,2023-05-13,92
105,2023-05-14,405
105,2023-05-15,256
105,2023-05-16,332
105,2023-05-17,382
105,2023-05-18,323
105,2023-05-19,99
105,2023-05-20,68
105,2023-05-21,375
105,2023-05-22,390
105,2023-05-23,261
105,2023-05-24,183
105,2023-05-25,299
105,2023-05-26,202
105,2023-05-27,213
105,2023-05-28,370
105,2023-05-29,70
105,2023-05-30,91
105,2023-05-31,117
105,2023-06-01,99
105,2023-06-02,270
105,2023-06-03,260
105,2023-06-04,272
105,2023-06-05,438
105,2023-06-06,461
105,2023-06-07,193
105,2023-06-08,216
105,2023-06-09,388
105,2023-06-10,113
105,2023-06-11,102
105,2023-06-12,300
105,2023-06-13,443
105,2023-06-14,147
105,2023-06-15,496
105,2023-06-16,372
105,2023-06-17,477
105,2023-06-18,488
105,2023-06-19,383
105,2023-06-20,245
105,2023-06-21,421
105,2023-06-22,252
105,2023-06-23,142
105,2023-06-24,145
105,2023-06-25,192
105,2023-06-26,253
105,2023-06-27,195
105,2023-06-28,335
105,2023-06-29,365
105,2023-06-30,187
105,2023-07-01,308
105,2023-07-02,259
105,2023-07-03,452
105,2023-07-04,443
105,2023-07-05,432
105,2023-07-06,101
105,2023-07-07,99
105,2023-07-08,143
105,2023-07-09,451
105,2023-07-10,381
105,2023-07-11,336
105,2023-07-12,401
105,2023-07-13,368
105,2023-07-14,241
105,2023-07-15,439
105,2023-07-16,51
105,2023-07-17,385
105,2023-07-18,388
105,2023-07-19,91
105,2023-07-20,397
105,2023-07-21,256
105,2023-07-22,436
105,2023-07-23,178
105,2023-07-24,332
105,2023-07-25,347
105,2023-07-26,100
105,2023-07-27,319
105,2023-07-28,114
105,2023-07-29,459
105,2023-07-30,248
105,2023-07-31,471
105,2023-08-01,261
105,2023-08-02,302
105,2023-08-03,87
105,2023-08-04,220
105,2023-08-05,321
105,2023-08-06,145
105,2023-08-07,127
105,2023-08-08,148
105,2023-08-09,490
105,2023-08-10,442
105,2023-08-11,478
105,2023-08-12,137
105,2023-08-13,73
105,2023-08-14,194
105,2023-08-15,290
105,2023-08-16,405
105,2023-08-17,334
105,2023-08-18,66
105,2023-08-19,183
105,2023-08-20,342
105,2023-08-21,236
105,2023-08-22,167
105,2023-08-23,430
105,2023-08-24,381
105,2023-08-25,311
105,2023-08-26,312
105,2023-08-27,284
105,2023-08-28,218
105,2023-08-29,368
105,2023-08-30,174
105,2023-08-31,471
105,2023-09-01,309
105,2023-09-02,422
105,2023-09-03,465
105,2023-09-04,274
105,2023-09-05,264
105,2023-09-06,438
105,2023-09-07,155
105,2023-09-08,211
105,2023-09-09,394
105,2023-09-10,163
105,2023-09-11,68
105,2023-09-12,499
105,2023-09-13,268
105,2023-09-14,137
105,2023-09-15,311
105,2023-09-16,55
105,2023-09-17,259
105,2023-09-18,157
105,2023-09-19,299
105,2023-09-20,96
105,2023-09-21,285
105,2023-09-22,142
105,2023-09-23,295
105,2023-09-24,142
105,2023-09-25,475
105,2023-09-26,441
105,2023-09-27,317
105,2023-09-28,171
105,2023-09-29,375
105,2023-09-30,92
105,2023-10-01,301
105,2023-10-02,287
105,2023-10-03,287
105,2023-10-04,416
105,2023-10-05,243
105,2023-10-06,380
105,2023-10-07,211
105,2023-10-08,325
105,2023-10-09,55
105,2023-10-10,180
105,2023-10-11,484
105,2023-10-12,470
105,2023-10-13,494
105,2023-10-14,311
105,2023-10-15,462
105,2023-10-16,461
105,2023-10-17,200
105,2023-10-18,416
105,2023-10-19,161
105,2023-10-20,60
105,2023-10-21,83
105,2023-10-22,385
105,2023-10-23,220
105,2023-10-24,95
105,2023-10-25,265
105,2023-10-26,405
105,2023-10-27,219
105,2023-10-28,309
105,2023-10-29,439
105,2023-10-30,378
105,2023-10-31,134
105,2023-11-01,471
105,2023-11-02,350
105,2023-11-03,357
105,2023-11-04,472
105,2023-11-05,132
105,2023-11-06,457
105,2023-11-07,396
105,2023-11-08,179
105,2023-11-09,326
105,2023-11-10,175
105,2023-11-11,177
105,2023-11-12,153
105,2023-11-13,208
105,2023-11-14,406
105,2023-11-15,366
105,2023-11-16,170
105,2023-11-17,118
105,2023-11-18,135
105,2023-11-19,263
105,2023-11-20,422
105,2023-11-21,149
105,2023-11-22,70
105,2023-11-23,300
105,2023-11-24,121
105,2023-11-25,210
105,2023-11-26,414
105,2023-11-27,69
105,2023-11-28,332
105,2023-11-29,164
105,2023-11-30,90
105,2023-12-01,258
105,2023-12-02,112
105,2023-12-03,283
105,2023-12-04,53
105,2023-12-05,343
105,2023-12-06,261
105,2023-12-07,292
105,2023-12-08,232
105,2023-12-09,317
105,2023-12-10,150
105,2023-12-11,130
105,2023-12-12,448
105,2023-12-13,264
105,2023-12-14,240
105,2023-12-15,332
105,2023-12-16,486
105,2023-12-17,151
105,2023-12-18,60
105,2023-12-19,299
105,2023-12-20,492
105,2023-12-21,385
105,2023-12-22,95
105,2023-12-23,334
105,2023-12-24,50
105,2023-12-25,108
105,2023-12-26,119
105,2023-12-27,241
105,2023-12-28,248
105,2023-12-29,177
105,2023-12-30,89
105,2023-12-31,270
